Id,MSSubClass,LotArea,OverallQual,OverallCond,YearBuilt,YearRemodAdd,MasVnrArea,BsmtFinSF1,BsmtFinSF2,BsmtUnfSF,TotalBsmtSF,1stFlrSF,2ndFlrSF,LowQualFinSF,GrLivArea,BsmtFullBath,BsmtHalfBath,FullBath,HalfBath,BedroomAbvGr,KitchenAbvGr,TotRmsAbvGrd,Fireplaces,GarageYrBlt,GarageCars,GarageArea,WoodDeckSF,OpenPorchSF,EnclosedPorch,3SsnPorch,ScreenPorch,PoolArea,MiscVal,MoSold,YrSold,Predicted_SalePrice
1001,20,10206,3,3,1952,1952,0.0,0,0,0,0,944,0,0,944,0,0,1,0,2,1,4,0,1956.0,2,528,0,0,0,0,0,0,0,7,2009,44736.703
1002,30,5400,5,6,1920,1950,0.0,0,0,691,691,691,0,0,691,0,0,1,0,2,1,4,0,1920.0,1,216,0,20,94,0,0,0,0,1,2007,80621.91
1003,20,11957,8,5,2006,2006,53.0,24,0,1550,1574,1574,0,0,1574,0,0,2,0,3,1,7,1,2006.0,3,824,144,104,0,0,0,0,0,7,2008,254739.02
1004,90,11500,5,6,1976,1976,164.0,0,0,1680,1680,1680,0,0,1680,0,0,2,0,4,2,8,0,1976.0,2,528,0,0,0,0,0,0,0,6,2007,129550.78
1005,120,3182,7,5,2005,2006,16.0,16,0,1330,1346,1504,0,0,1504,0,0,2,0,1,1,7,1,2005.0,2,457,156,0,0,0,0,0,0,5,2009,192505.84
1006,80,8385,5,8,1977,1977,220.0,595,0,390,985,985,0,0,985,0,0,2,0,3,1,6,0,1977.0,1,328,210,0,0,0,0,0,0,11,2008,117642.65
1007,20,12155,6,3,1970,1970,0.0,1237,0,420,1657,1657,0,0,1657,0,1,2,0,3,1,7,1,1970.0,2,484,0,0,0,0,147,0,0,3,2007,217675.73
1008,160,2217,4,4,1970,1970,0.0,273,273,0,546,546,546,0,1092,0,0,1,1,3,1,6,0,1970.0,1,286,238,0,0,0,0,0,0,8,2009,95174.8
1009,20,12118,7,5,2004,2005,108.0,0,0,1710,1710,1710,0,0,1710,0,0,2,0,3,1,7,1,2004.0,2,550,100,48,0,0,180,0,0,4,2009,276099.44
1010,50,6000,5,5,1926,1950,0.0,0,0,1008,1008,1008,0,514,1522,0,0,2,0,4,1,7,0,,0,0,0,0,138,0,0,0,0,6,2006,101473.445
1011,50,21286,5,5,1948,1950,0.0,0,0,720,720,720,551,0,1271,0,0,2,0,4,1,7,1,1948.0,1,312,0,0,108,0,0,0,0,8,2008,101688.05
1012,90,9825,5,5,1965,1965,0.0,0,0,0,0,1664,0,0,1664,0,0,2,0,4,2,8,0,,0,0,0,0,0,0,0,0,0,5,2010,106952.21
1013,70,10592,6,7,1923,1996,0.0,0,0,602,602,900,602,0,1502,0,0,1,1,3,1,7,2,1923.0,1,180,96,0,112,0,53,0,0,8,2007,162091.11
1014,30,7200,5,4,1910,2006,0.0,247,465,310,1022,1022,0,0,1022,1,0,1,0,2,1,4,0,1956.0,1,280,0,30,226,0,0,0,0,6,2009,141510.45
1015,20,11664,6,5,1948,1950,206.0,336,0,746,1082,1082,0,0,1082,0,0,1,0,2,1,5,1,1948.0,1,240,0,130,0,0,0,0,0,11,2007,112770.664
1016,60,8400,8,6,2001,2001,0.0,643,0,167,810,810,855,0,1665,1,0,2,1,3,1,6,0,2001.0,2,528,0,45,0,0,0,0,0,11,2009,205469.08
1017,20,11883,7,5,1996,1996,196.0,690,0,814,1504,1504,0,0,1504,1,0,2,0,3,1,6,1,1996.0,2,478,115,66,0,0,0,0,0,6,2009,211888.02
1018,120,5814,8,5,1984,1984,0.0,1036,0,184,1220,1360,0,0,1360,1,0,1,0,1,1,4,1,1984.0,2,565,63,0,0,0,0,0,0,8,2009,220991.1
1019,80,10784,7,5,1991,1992,76.0,0,0,384,384,802,670,0,1472,0,0,2,1,3,1,7,1,1991.0,2,402,164,0,0,0,0,0,0,5,2007,172317.78
1020,120,3013,7,5,2005,2005,145.0,16,0,1346,1362,1506,0,0,1506,0,0,2,0,2,1,6,1,2005.0,2,440,142,20,0,0,0,0,0,4,2006,217611.78
1021,20,7024,4,5,2005,2005,0.0,1024,0,108,1132,1132,0,0,1132,1,0,1,1,2,1,5,0,2005.0,2,451,252,64,0,0,0,0,0,6,2008,165229.62
1022,20,7406,7,5,2006,2006,84.0,684,0,515,1199,1220,0,0,1220,1,0,2,0,2,1,6,0,2006.0,2,632,105,54,0,0,0,0,0,7,2006,215404.1
1023,50,9439,5,5,1930,1950,0.0,324,0,588,912,912,336,0,1248,0,0,1,0,2,1,6,0,1957.0,1,160,0,0,192,0,0,0,0,3,2007,113896.25
1024,120,3182,7,5,2005,2006,14.0,16,0,1330,1346,1504,0,0,1504,0,0,2,0,2,1,7,1,2005.0,2,437,156,20,0,0,0,0,0,5,2008,193290.44
1025,20,15498,8,6,1976,1976,0.0,1165,400,0,1565,2898,0,0,2898,1,0,2,0,2,1,10,1,1976.0,2,665,0,72,174,0,0,0,0,5,2008,332029.25
1026,20,7700,5,5,1972,1972,0.0,138,468,276,882,882,0,0,882,1,0,1,0,3,1,5,0,1980.0,2,461,96,0,0,0,0,0,0,3,2007,143247.05
1027,20,9300,5,5,1960,1960,324.0,697,0,571,1268,1264,0,0,1264,1,0,1,0,3,1,6,2,1960.0,2,461,0,0,0,0,143,0,0,4,2010,127387.805
1028,20,9520,8,5,2007,2008,338.0,1513,0,125,1638,1646,0,0,1646,1,0,2,0,3,1,7,1,2008.0,3,800,192,44,0,0,0,0,0,4,2008,312646.9
1029,50,9492,5,5,1941,1950,0.0,368,41,359,768,968,408,0,1376,1,0,1,0,3,1,6,1,1941.0,1,240,0,0,0,0,0,0,0,4,2007,114555.375
1030,160,1680,6,7,1972,1972,281.0,317,0,355,672,672,546,0,1218,0,1,1,1,3,1,7,0,1972.0,1,264,0,28,0,0,0,0,0,5,2006,114576.04
1031,190,7082,5,8,1916,1995,0.0,0,0,686,686,948,980,0,1928,0,0,2,0,5,2,10,0,,0,0,0,0,228,0,0,0,0,7,2006,139867.62
1032,75,15863,7,3,1920,1970,0.0,523,0,301,824,1687,998,397,3082,1,0,2,1,5,1,12,2,1970.0,2,672,136,63,0,0,0,0,0,8,2009,328245.5
1033,60,14541,8,7,1993,1993,0.0,1012,0,326,1338,1352,1168,0,2520,1,0,2,1,5,1,10,1,1993.0,3,796,209,55,0,0,0,0,0,11,2006,290515.9
1034,20,8125,7,5,2002,2002,295.0,986,0,668,1654,1654,0,0,1654,1,0,2,0,3,1,6,0,2002.0,3,900,0,136,0,0,0,0,0,2,2006,278013.8
1035,30,6305,5,7,1938,1950,0.0,0,0,920,920,954,0,0,954,0,0,1,0,2,1,5,1,1938.0,1,240,0,0,0,0,0,0,0,6,2007,114249.17
1036,20,11500,4,3,1957,1957,0.0,0,0,0,0,845,0,0,845,0,0,1,0,3,1,5,0,1957.0,1,290,186,0,0,0,0,0,0,1,2009,110995.414
1037,20,12898,9,5,2007,2008,70.0,1022,0,598,1620,1620,0,0,1620,1,0,2,0,2,1,6,1,2008.0,3,912,228,0,0,0,0,0,0,9,2009,321459.88
1038,60,9240,8,5,2001,2002,396.0,0,0,1055,1055,1055,1208,0,2263,0,0,2,1,3,1,7,1,2001.0,2,905,0,45,0,0,189,0,0,9,2008,318469.97
1039,160,1533,4,6,1970,2008,0.0,0,0,546,546,798,546,0,1344,0,0,1,1,3,1,6,1,,0,0,0,0,0,0,0,0,0,5,2009,113214.984
1040,180,1477,4,4,1970,1970,0.0,509,0,121,630,630,0,0,630,1,0,1,0,1,1,3,0,1970.0,1,286,0,0,0,0,0,0,0,4,2009,78570.695
1041,20,13125,5,4,1957,2000,67.0,168,682,284,1134,1803,0,0,1803,1,0,2,0,3,1,8,1,1957.0,2,484,0,0,0,0,0,0,0,1,2006,273696.1
1042,60,9130,6,8,1966,2000,252.0,400,64,336,800,800,832,0,1632,0,1,1,1,4,1,7,0,1966.0,2,484,0,40,0,0,0,0,0,7,2008,139785.19
1043,120,5381,6,5,2005,2005,135.0,900,0,406,1306,1306,0,0,1306,1,0,2,0,1,1,5,1,2005.0,2,624,170,63,0,0,0,0,0,8,2009,212426.02
1044,60,11839,7,5,1990,1990,99.0,1085,0,390,1475,1532,797,0,2329,1,0,2,1,4,1,10,1,1990.0,2,514,192,121,0,0,0,0,0,5,2008,256574.25
1045,20,9600,8,5,1981,1981,0.0,1104,0,1420,2524,2524,0,0,2524,1,0,2,1,4,1,9,1,1981.0,2,542,474,120,0,0,0,0,0,7,2009,277570.56
1046,20,13680,3,5,1955,1955,0.0,0,0,0,0,1733,0,0,1733,0,0,2,0,4,1,8,1,1955.0,2,452,0,0,0,0,0,0,0,6,2009,124874.76
1047,60,16056,9,5,2005,2006,208.0,240,0,1752,1992,1992,876,0,2868,0,0,3,1,4,1,11,1,2005.0,3,716,214,108,0,0,0,0,0,7,2006,416251.3
1048,20,9245,5,5,1994,1995,0.0,686,0,304,990,990,0,0,990,0,1,1,0,3,1,5,0,1996.0,2,672,0,0,0,0,0,0,0,2,2008,134107.0
1049,20,21750,5,4,1960,2006,75.0,0,0,0,0,1771,0,0,1771,0,0,1,0,3,1,9,1,1960.0,2,336,0,0,0,0,0,0,0,11,2009,145750.9
1050,20,11100,4,7,1946,2006,0.0,0,0,0,0,930,0,0,930,0,0,1,0,2,1,6,0,1946.0,1,308,0,0,0,0,0,0,0,4,2010,88646.57
1051,20,8993,7,5,2007,2007,0.0,0,0,1302,1302,1302,0,0,1302,0,0,2,0,3,1,6,0,2007.0,2,436,0,22,0,0,0,0,0,8,2007,194279.08
1052,20,11175,7,5,2007,2007,0.0,0,0,1316,1316,1316,0,0,1316,0,0,2,0,3,1,6,1,2007.0,2,440,0,20,0,0,0,0,0,10,2007,195514.55
1053,60,9500,6,6,1964,1978,272.0,442,0,374,816,1127,850,0,1977,0,1,1,1,4,1,9,1,1964.0,2,540,0,52,0,0,0,0,0,6,2007,142541.9
1054,20,8562,5,6,1957,2002,145.0,383,0,833,1216,1526,0,0,1526,0,0,1,0,4,1,7,1,1957.0,1,364,116,78,0,0,0,0,0,5,2010,143223.67
1055,60,11367,8,5,2002,2002,210.0,932,0,133,1065,1091,898,0,1989,1,0,2,1,3,1,7,1,2002.0,2,586,199,60,0,0,0,0,0,11,2006,269737.22
1056,20,11361,6,5,1976,1976,160.0,644,0,549,1193,1523,0,0,1523,0,1,2,0,3,1,7,1,1976.0,2,478,0,0,0,0,189,0,0,5,2008,201815.48
1057,120,7052,7,5,2005,2005,240.0,659,0,705,1364,1364,0,0,1364,1,0,2,0,2,1,6,1,2005.0,2,484,192,36,0,0,0,0,0,6,2006,214813.58
1058,60,29959,7,6,1994,1994,0.0,595,0,378,973,979,871,0,1850,0,0,2,1,3,1,7,1,1994.0,2,467,168,98,0,0,0,0,0,1,2009,211329.36
1059,60,11308,9,5,2008,2008,154.0,936,0,168,1104,1130,1054,0,2184,1,0,2,1,3,1,10,1,2008.0,3,836,0,102,0,0,0,0,0,7,2009,353898.66
1060,50,11275,6,7,1932,1950,480.0,297,557,0,854,1096,895,0,1991,0,0,1,1,3,1,7,1,1977.0,2,432,0,0,19,0,0,0,0,3,2007,136267.17
1061,120,4920,8,5,2001,2001,0.0,616,0,722,1338,1338,0,0,1338,1,0,2,0,2,1,6,0,2001.0,2,582,0,0,170,0,0,0,0,4,2010,266518.47
1062,30,18000,3,4,1935,1950,0.0,0,0,894,894,894,0,0,894,0,0,1,0,2,1,6,0,1994.0,3,1248,0,20,0,0,0,0,560,8,2008,100822.18
1063,190,13600,5,5,1900,1950,0.0,0,0,662,662,1422,915,0,2337,0,0,2,0,5,2,10,0,1945.0,2,560,0,57,0,0,0,0,0,9,2007,151076.62
1064,30,6000,6,6,1925,1980,0.0,397,0,706,1103,1103,0,0,1103,0,0,1,0,2,1,5,1,1976.0,2,440,166,120,0,0,0,0,0,7,2006,155029.45
1065,20,11000,5,6,1966,1966,200.0,740,230,184,1154,1154,0,0,1154,0,0,1,1,3,1,6,1,1966.0,2,480,0,58,0,0,0,0,0,11,2009,121404.914
1066,60,14000,7,5,1996,1997,0.0,1201,0,105,1306,1306,954,0,2260,1,0,2,1,3,1,7,0,1996.0,2,533,296,44,0,0,0,0,0,4,2010,216355.36
1067,60,7837,6,7,1993,1994,0.0,0,0,799,799,799,772,0,1571,0,0,2,1,3,1,7,1,1993.0,2,380,0,40,0,0,0,0,0,5,2009,175616.36
1068,60,9760,6,6,1964,1964,360.0,674,106,0,780,798,813,0,1611,1,0,1,1,4,1,7,0,1964.0,2,442,328,128,0,0,189,0,0,6,2008,142255.19
1069,160,3964,6,4,1973,1973,0.0,837,0,105,942,1291,1230,0,2521,1,0,2,1,5,1,10,1,1973.0,2,576,728,20,0,0,0,0,0,6,2006,293355.12
1070,45,9600,5,7,1949,2003,0.0,220,0,625,845,893,0,0,893,0,1,1,0,2,1,4,0,1985.0,2,576,0,0,0,0,0,0,0,5,2007,136603.31
1071,20,10152,5,5,1956,1956,120.0,586,0,462,1048,1048,0,0,1048,1,0,1,0,3,1,6,0,1956.0,1,286,0,20,0,0,192,0,0,6,2007,118052.266
1072,60,11700,6,6,1968,1968,0.0,298,0,429,727,829,727,0,1556,0,0,1,1,4,1,8,0,1968.0,2,441,0,0,0,0,0,0,0,5,2009,134059.11
1073,50,7585,5,3,1948,1950,0.0,0,0,810,810,1002,454,0,1456,1,1,1,0,4,1,7,1,1954.0,1,280,0,0,0,0,0,0,0,8,2006,110702.875
1074,60,7950,6,6,1977,1977,140.0,535,0,155,690,698,728,0,1426,0,0,1,1,3,1,6,0,1977.0,2,440,252,0,0,0,0,0,0,7,2009,144719.75
1075,20,8556,7,5,2006,2006,0.0,0,0,1240,1240,1240,0,0,1240,0,0,2,0,2,1,5,0,2006.0,3,826,140,93,0,0,0,0,0,5,2007,217561.3
1076,70,13125,7,6,1940,1984,0.0,410,0,390,800,960,780,0,1740,0,0,1,1,3,1,6,2,1940.0,1,240,0,0,0,0,0,0,0,7,2007,174129.14
1077,50,10800,5,8,1936,1989,0.0,626,0,170,796,1096,370,0,1466,0,1,2,0,3,1,7,1,1950.0,2,566,436,21,0,0,0,0,500,4,2006,160116.72
1078,20,15870,5,5,1969,1969,0.0,75,791,230,1096,1096,0,0,1096,1,0,1,0,3,1,6,0,1969.0,1,299,240,32,0,0,0,0,0,3,2006,148242.67
1079,120,4435,6,5,2004,2004,169.0,662,0,186,848,848,0,0,848,1,0,1,0,1,1,3,1,2004.0,2,420,140,0,0,0,0,0,0,5,2006,162939.94
1080,20,8775,5,5,1994,1994,0.0,495,0,495,990,990,0,0,990,0,0,1,0,3,1,5,0,1996.0,1,299,0,64,0,0,0,0,0,4,2007,125161.93
1081,20,11040,6,7,1971,2004,144.0,656,0,602,1258,1258,0,0,1258,0,1,2,0,3,1,5,0,1971.0,2,528,55,0,0,216,0,0,0,10,2008,158513.5
1082,20,7500,5,5,1963,1963,0.0,824,0,216,1040,1040,0,0,1040,1,0,1,1,3,1,5,0,1963.0,1,308,0,0,220,0,0,0,0,6,2010,149834.47
1083,20,8749,7,5,2002,2002,100.0,0,0,1459,1459,1459,0,0,1459,0,0,2,0,3,1,6,1,2002.0,2,527,192,39,0,0,0,0,0,9,2007,216507.75
1084,20,8800,6,6,1964,1964,425.0,553,0,698,1251,1251,0,0,1251,1,0,1,0,3,1,6,2,1964.0,1,461,0,116,0,0,0,0,700,3,2006,151116.45
1085,60,13031,6,5,1995,1996,0.0,592,0,99,691,691,807,0,1498,0,0,2,1,3,1,6,1,1995.0,2,409,315,44,0,0,0,0,0,7,2006,197463.67
1086,85,9069,6,6,1992,1992,0.0,747,0,189,936,996,0,0,996,1,0,1,0,2,1,5,0,1992.0,2,564,120,0,0,0,0,0,0,4,2010,150371.22
1087,160,1974,4,5,1973,1973,0.0,334,0,212,546,546,546,0,1092,0,0,1,1,3,1,6,0,1973.0,1,286,120,96,0,0,0,0,0,5,2010,84508.59
1088,60,10574,8,5,2005,2006,0.0,0,0,1082,1082,1082,871,0,1953,0,0,2,1,3,1,9,1,2005.0,3,1043,160,50,0,0,0,0,0,5,2009,283546.25
1089,160,2522,7,5,2004,2004,50.0,0,0,970,970,970,739,0,1709,0,0,2,0,3,1,7,0,2004.0,2,380,0,40,0,0,0,0,0,4,2006,185642.11
1090,120,3316,8,5,2005,2005,0.0,1039,0,208,1247,1247,0,0,1247,1,0,1,1,1,1,4,1,2005.0,2,550,0,84,0,0,0,0,0,4,2006,253971.73
1091,90,8544,3,4,1950,1950,0.0,0,0,0,0,1040,0,0,1040,0,0,2,0,2,2,6,0,1987.0,2,400,0,0,0,0,0,0,0,6,2009,61340.016
1092,160,2160,7,5,1999,2000,212.0,510,0,90,600,624,628,0,1252,1,0,2,1,2,1,4,0,1999.0,2,462,0,48,0,0,0,0,0,3,2008,157462.53
1093,50,8400,6,5,1925,1950,0.0,423,0,758,1181,1390,304,0,1694,0,0,2,0,4,1,7,1,1925.0,2,576,342,0,128,0,0,0,0,6,2008,183849.22
1094,20,9230,5,8,1965,1998,166.0,661,0,203,864,1200,0,0,1200,1,0,1,1,1,1,6,0,1977.0,2,884,0,64,0,0,0,0,0,10,2006,168238.34
1095,20,5868,5,7,1956,2000,0.0,248,240,448,936,936,0,0,936,1,0,1,0,2,1,4,0,1956.0,1,308,0,0,80,0,160,0,0,5,2010,138372.33
1096,20,9317,6,5,2006,2006,0.0,24,0,1290,1314,1314,0,0,1314,0,0,2,0,3,1,6,1,2006.0,2,440,0,22,0,0,0,0,0,3,2007,176839.86
1097,70,6882,6,7,1914,2006,0.0,0,0,684,684,773,582,0,1355,0,0,1,1,3,1,7,0,,0,0,136,0,115,0,0,0,0,3,2007,126454.44
1098,120,3696,8,5,1986,1986,0.0,0,0,1074,1074,1088,0,0,1088,0,0,1,1,2,1,5,0,1987.0,2,461,0,74,137,0,0,0,0,10,2007,159614.7
1099,50,6000,4,6,1936,1950,0.0,672,0,0,672,757,567,0,1324,0,0,1,0,3,1,6,0,1936.0,1,240,0,0,0,0,0,0,0,7,2009,127565.85
1100,20,11880,7,5,1978,1978,206.0,704,0,567,1271,1601,0,0,1601,0,0,2,0,3,1,7,1,1978.0,2,478,0,0,0,0,0,0,0,4,2009,173606.06
1101,30,8400,2,5,1920,1950,0.0,290,0,0,290,438,0,0,438,0,0,1,0,1,1,3,0,1930.0,1,246,0,0,0,0,0,0,0,1,2009,59936.066
1102,20,9758,5,5,1971,1971,0.0,412,287,251,950,950,0,0,950,0,0,1,0,3,1,5,0,1981.0,1,280,0,0,0,0,0,0,0,7,2007,126699.016
1103,20,7000,5,7,1960,2002,45.0,588,0,422,1010,1134,0,0,1134,0,0,1,0,2,1,6,0,1960.0,1,254,0,16,0,0,0,0,0,4,2007,140917.66
1104,20,8910,6,6,1959,1959,0.0,655,0,0,655,1194,0,0,1194,0,1,1,0,3,1,6,1,1954.0,2,539,0,0,192,0,0,0,0,7,2006,150950.27
1105,160,2016,5,5,1970,1970,304.0,0,0,630,630,630,672,0,1302,0,0,2,1,3,1,6,0,1970.0,2,440,0,0,0,0,0,0,0,4,2007,125152.83
1106,60,12256,8,5,1994,1995,362.0,1032,0,431,1463,1500,1122,0,2622,1,0,2,1,3,1,9,2,1994.0,2,712,186,32,0,0,0,0,0,4,2010,360079.75
1107,20,10357,7,5,1990,1991,0.0,738,0,172,910,1442,0,0,1442,1,0,2,0,3,1,6,1,1990.0,2,719,0,244,0,0,0,0,0,5,2007,224419.25
1108,60,23257,7,5,2006,2006,0.0,0,0,868,868,887,1134,0,2021,0,0,2,1,3,1,9,1,2006.0,2,422,0,100,0,0,0,0,0,9,2006,215381.47
1109,60,8063,6,5,2000,2000,0.0,0,0,924,924,948,742,0,1690,0,0,2,1,3,1,7,1,2000.0,2,463,100,48,0,0,0,0,0,11,2007,181257.03
1110,20,11362,8,5,2004,2005,42.0,1039,0,797,1836,1836,0,0,1836,1,0,2,0,3,1,7,1,2004.0,3,862,125,185,0,0,0,0,0,3,2009,320233.75
1111,60,8000,6,5,1995,1996,0.0,219,0,554,773,773,885,0,1658,1,0,2,1,3,1,8,1,1995.0,2,431,224,84,0,0,0,0,0,6,2008,187774.02
1112,60,10480,7,6,1976,1976,660.0,403,0,400,803,1098,866,0,1964,0,0,2,1,4,1,8,1,1976.0,2,483,0,69,0,0,0,0,0,9,2008,206896.33
1113,20,7100,5,7,1957,1957,0.0,708,0,108,816,816,0,0,816,1,0,1,0,2,1,5,0,1957.0,1,308,0,0,0,0,0,0,0,7,2006,116587.64
1114,20,8923,5,7,1953,2006,0.0,643,0,365,1008,1008,0,0,1008,1,0,1,0,2,1,6,0,1953.0,1,240,0,18,0,0,0,0,0,5,2007,136798.11
1115,20,5400,5,7,1954,2000,0.0,415,0,418,833,833,0,0,833,0,0,1,0,2,1,4,0,1955.0,1,326,0,0,0,0,0,0,0,8,2006,137195.42
1116,20,12085,8,5,2007,2007,328.0,1004,0,730,1734,1734,0,0,1734,1,0,2,0,3,1,7,1,2007.0,3,928,0,0,0,0,0,0,0,11,2007,303464.44
1117,80,7750,8,5,2002,2002,0.0,353,0,55,408,779,640,0,1419,1,0,2,1,3,1,7,1,2002.0,2,527,120,0,0,0,0,0,0,3,2009,177019.1
1118,20,9764,5,7,1967,2003,0.0,702,0,192,894,894,0,0,894,1,0,1,0,3,1,5,0,1967.0,2,450,0,0,0,0,0,0,0,5,2008,136941.8
1119,80,13825,5,6,1958,1987,0.0,0,0,533,533,1021,580,0,1601,0,1,1,0,3,1,6,0,1958.0,1,300,280,34,0,0,0,0,0,12,2008,152816.28
1120,20,7560,5,5,1959,1959,0.0,369,0,671,1040,1040,0,0,1040,0,0,1,0,3,1,6,0,1959.0,1,286,140,0,252,0,0,0,0,7,2006,114953.33
1121,30,8263,6,5,1920,1950,0.0,0,0,1012,1012,1012,0,0,1012,0,0,1,0,2,1,6,1,1920.0,1,308,0,22,112,0,0,0,0,5,2007,119700.16
1122,20,10084,7,5,2005,2006,196.0,24,0,1528,1552,1552,0,0,1552,0,0,2,0,3,1,7,0,2005.0,3,782,144,20,0,0,0,0,0,7,2006,238987.73
1123,20,8926,4,3,1956,1956,0.0,0,0,672,672,960,0,0,960,0,0,1,0,3,1,5,0,1956.0,1,288,64,0,0,0,160,0,0,10,2009,68394.65
1124,20,9405,5,9,1947,2008,0.0,0,0,698,698,698,0,0,698,0,1,1,0,2,1,4,0,,0,0,0,200,0,0,0,0,0,6,2009,94094.09
1125,80,9125,7,5,1992,1992,170.0,0,0,384,384,812,670,0,1482,0,0,2,1,3,1,7,1,1992.0,2,392,100,25,0,0,0,0,0,7,2007,174907.28
1126,20,10434,4,5,1955,1955,0.0,0,0,1005,1005,1005,0,0,1005,0,0,1,0,2,1,5,1,1977.0,2,672,0,0,0,0,0,0,0,11,2009,112650.05
1127,120,3684,7,5,2007,2007,130.0,0,0,1373,1373,1555,0,0,1555,0,0,2,0,2,1,7,1,2007.0,3,660,143,20,0,0,0,0,0,6,2009,198077.78
1128,20,14572,7,5,2004,2004,0.0,1300,0,230,1530,1530,0,0,1530,1,0,2,0,3,1,7,1,2004.0,3,630,144,36,0,0,0,0,0,11,2007,249617.3
1129,60,11796,7,5,2004,2005,0.0,0,0,847,847,847,1112,0,1959,0,0,2,1,4,1,8,1,2004.0,2,434,100,48,0,0,0,0,0,7,2007,219280.61
1130,90,7200,5,5,1980,1980,180.0,936,0,0,936,936,0,0,936,1,0,1,0,2,1,4,0,1980.0,2,672,49,0,0,0,0,0,0,8,2007,127980.266
1131,50,7804,4,3,1928,1950,0.0,622,0,500,1122,1328,653,0,1981,1,0,2,0,4,1,7,2,1981.0,2,576,431,44,0,0,0,0,0,12,2009,180001.11
1132,20,10712,5,5,1991,1992,0.0,212,0,762,974,974,0,0,974,0,0,1,0,3,1,5,0,,0,0,0,28,0,0,0,0,0,9,2007,125363.55
1133,70,9900,6,4,1880,1950,0.0,0,0,1008,1008,1178,1032,0,2210,0,0,2,0,5,1,8,0,1930.0,1,205,0,48,0,0,0,0,0,5,2007,147051.97
1134,60,9828,8,5,1995,1995,0.0,584,0,544,1128,1142,878,0,2020,0,0,2,1,3,1,8,1,1995.0,2,466,0,155,0,0,0,0,0,6,2009,246398.1
1135,60,8773,6,5,1997,1997,0.0,0,0,916,916,916,684,0,1600,0,0,2,1,3,1,7,1,1997.0,2,460,100,38,0,0,0,0,0,8,2007,183123.55
1136,30,6180,6,5,1926,1950,0.0,0,0,960,960,986,0,0,986,0,0,1,0,2,1,5,1,1926.0,1,180,0,128,0,0,0,0,0,5,2007,109020.87
1137,50,9600,6,5,1950,1950,0.0,280,0,752,1032,1032,220,0,1252,0,0,1,0,3,1,6,0,1950.0,1,288,0,0,96,0,0,0,0,4,2008,96533.0
1138,50,6342,5,8,1875,1996,0.0,0,0,780,780,780,240,0,1020,0,0,1,0,2,1,6,0,,0,0,0,0,176,0,0,0,0,5,2010,85930.54
1139,20,9819,6,5,1977,1977,0.0,1567,0,0,1567,1567,0,0,1567,1,0,2,0,2,1,5,2,1977.0,2,714,264,32,0,0,0,0,0,5,2009,176649.1
1140,30,8731,5,5,1920,1950,0.0,645,0,270,915,1167,0,0,1167,0,0,1,0,3,1,6,1,1972.0,2,495,0,0,216,0,126,0,0,5,2007,113029.24
1141,20,7350,5,7,1951,1951,0.0,852,0,100,952,952,0,0,952,1,0,1,0,2,1,4,0,1988.0,2,840,0,0,0,0,0,0,0,6,2008,123007.56
1142,60,10304,5,7,1976,1976,44.0,381,0,399,780,1088,780,0,1868,1,0,2,1,4,1,9,1,1976.0,2,484,448,96,0,0,0,0,0,10,2009,202011.56
1143,60,9965,8,5,2006,2007,340.0,1150,0,316,1466,1466,1362,0,2828,1,0,3,0,4,1,11,1,2006.0,3,1052,125,144,0,0,0,0,0,4,2007,417298.1
1144,20,9000,5,3,1959,1959,0.0,288,0,718,1006,1006,0,0,1006,0,0,1,0,3,1,5,0,,0,0,0,24,0,0,0,0,0,7,2008,85273.1
1145,190,12180,4,4,1941,1950,0.0,348,0,324,672,672,252,0,924,1,0,1,0,2,1,5,0,1941.0,1,280,0,0,0,0,0,0,0,7,2010,68309.28
1146,50,6240,5,6,1928,1950,0.0,0,0,1042,1042,1042,534,0,1576,0,0,1,0,3,1,8,1,1928.0,1,225,0,0,0,0,0,0,0,8,2006,126720.1
1147,20,11200,6,5,1985,1985,85.0,1258,0,40,1298,1298,0,0,1298,1,0,2,0,3,1,5,1,1985.0,2,403,165,26,0,0,0,0,0,5,2006,200521.58
1148,70,12000,7,7,1941,1950,0.0,275,0,429,704,860,704,0,1564,0,0,1,1,3,1,7,1,1941.0,1,234,0,0,0,0,0,0,0,7,2009,114818.984
1149,50,5700,7,7,1926,1950,0.0,0,0,572,572,572,539,0,1111,0,0,1,0,2,1,5,1,1982.0,1,288,0,0,176,0,0,0,0,8,2008,115861.36
1150,70,9000,7,9,1920,1988,0.0,624,0,26,650,832,650,0,1482,0,1,1,0,3,1,7,0,1930.0,2,324,0,0,0,0,0,0,0,7,2009,177828.34
1151,20,8280,6,5,1950,1950,0.0,0,0,932,932,932,0,0,932,0,0,1,0,2,1,4,1,1950.0,1,306,0,0,214,0,0,0,0,11,2007,130168.37
1152,20,17755,5,4,1959,1959,132.0,176,0,1290,1466,1466,0,0,1466,0,0,1,1,3,1,6,2,1959.0,2,528,0,140,0,0,100,0,0,11,2006,139740.8
1153,20,14115,6,7,1956,2004,0.0,296,547,230,1073,1811,0,0,1811,0,0,1,0,2,1,6,1,1956.0,2,470,0,0,280,0,0,0,0,7,2006,212546.7
1154,30,5890,6,8,1930,2007,0.0,538,0,278,816,816,0,0,816,0,0,1,0,2,1,5,0,2002.0,1,432,0,0,96,0,0,0,0,6,2008,152784.0
1155,60,13700,7,6,1965,1988,288.0,454,0,410,864,902,918,0,1820,0,0,1,2,4,1,8,2,1965.0,2,492,60,84,0,0,273,0,0,5,2008,227843.11
1156,20,10768,5,8,1976,2004,0.0,1157,0,280,1437,1437,0,0,1437,1,0,2,0,3,1,6,1,1976.0,2,528,0,21,0,0,180,0,0,7,2007,248695.72
1157,80,9350,5,8,1965,1999,0.0,633,0,586,1219,1265,0,0,1265,0,1,2,0,3,1,6,1,1965.0,2,502,0,92,0,96,0,0,0,10,2008,188724.22
1158,120,5001,7,5,2007,2008,166.0,904,0,410,1314,1314,0,0,1314,1,0,2,0,2,1,6,1,2008.0,2,626,172,62,0,0,0,0,0,7,2009,249505.25
1159,20,11932,8,5,2007,2008,186.0,0,0,1580,1580,1580,0,0,1580,0,0,2,0,3,1,7,0,2008.0,3,830,0,24,0,0,0,0,0,6,2008,246287.3
1160,60,9120,6,6,1974,1974,270.0,442,0,459,901,943,933,0,1876,0,0,2,1,4,1,8,1,1974.0,2,540,0,69,0,0,0,0,0,7,2008,179080.58
1161,160,2280,6,5,1978,1978,0.0,311,0,544,855,855,601,0,1456,0,0,2,1,3,1,7,1,1978.0,2,440,26,0,0,0,0,0,0,7,2010,156716.78
1162,20,14778,6,7,1954,2006,72.0,728,0,568,1296,1640,0,0,1640,1,0,1,0,3,1,7,1,1993.0,2,924,108,0,0,216,0,0,0,11,2008,221609.27
1163,20,8724,5,5,1968,1968,0.0,492,0,402,894,894,0,0,894,0,0,1,0,3,1,5,1,1968.0,2,450,0,0,0,0,0,0,0,5,2007,103350.87
1164,90,12900,4,4,1969,1969,0.0,1198,0,0,1198,1258,0,0,1258,2,0,0,2,0,2,6,0,1969.0,2,400,120,0,0,0,0,0,0,1,2008,130887.99
1165,80,16157,5,7,1978,1978,0.0,680,391,289,1360,1432,0,0,1432,1,0,1,1,2,1,5,1,1978.0,2,588,168,180,0,0,0,0,0,6,2007,186232.36
1166,20,9541,7,5,2009,2009,268.0,0,0,1502,1502,1502,0,0,1502,0,0,2,0,3,1,7,0,2009.0,2,644,0,114,0,0,0,0,0,9,2009,229357.9
1167,20,10475,8,5,2008,2008,72.0,0,0,1694,1694,1694,0,0,1694,0,0,2,0,3,1,7,0,2008.0,3,776,160,33,0,0,0,0,0,2,2010,265516.0
1168,60,10852,6,5,2000,2000,0.0,786,0,173,959,959,712,0,1671,1,0,2,1,3,1,7,1,2000.0,2,472,0,38,0,0,0,0,0,2,2006,213277.0
1169,70,13728,6,7,1935,1986,0.0,626,0,501,1127,1236,872,0,2108,0,0,2,0,4,1,7,2,1935.0,2,540,0,0,0,0,90,0,0,7,2008,205107.19
1170,60,35760,10,5,1995,1996,1378.0,1387,0,543,1930,1831,1796,0,3627,1,0,3,1,4,1,10,1,1995.0,3,807,361,76,0,0,0,0,0,7,2006,529720.25
1171,80,9880,6,6,1977,1977,0.0,522,0,574,1096,1118,0,0,1118,1,0,1,0,3,1,6,1,1977.0,1,358,203,0,0,0,0,576,0,7,2008,262136.56
1172,20,9120,6,6,1958,1958,0.0,662,0,599,1261,1261,0,0,1261,1,0,1,0,3,1,6,1,1958.0,2,433,0,0,0,0,288,0,1400,11,2008,160819.92
1173,160,4017,7,5,2006,2007,0.0,0,0,625,625,625,625,0,1250,0,0,2,1,2,1,5,0,2006.0,2,625,0,54,0,0,0,0,0,3,2008,153561.38
1174,50,18030,5,6,1946,1994,0.0,152,469,977,1598,1636,971,479,3086,0,0,3,0,3,1,12,1,,0,0,122,0,0,0,0,0,0,3,2007,345377.28
1175,70,16560,6,8,1932,1950,0.0,503,0,449,952,1170,1175,0,2345,0,0,2,1,4,1,9,1,1932.0,2,360,0,0,0,0,0,0,0,7,2006,210409.92
1176,50,10678,8,5,1992,2000,337.0,700,0,983,1683,2129,743,0,2872,0,0,2,1,4,1,9,1,1992.0,2,541,0,33,0,0,0,0,0,4,2007,331008.72
1177,20,6951,5,5,1984,1985,0.0,658,0,218,876,923,0,0,923,1,0,1,0,3,1,5,0,1984.0,1,264,362,0,0,0,0,0,0,10,2008,142134.52
1178,50,3950,6,8,1926,2004,0.0,468,0,350,818,818,406,0,1224,0,0,1,0,3,1,5,0,1926.0,1,210,0,0,116,0,0,0,0,12,2009,155151.64
1179,50,7681,5,6,1921,1950,0.0,0,0,731,731,820,523,0,1343,0,0,1,1,3,1,7,1,1921.0,1,186,192,0,102,0,0,0,0,7,2009,125589.14
1180,20,8335,5,5,1954,1954,0.0,0,0,0,0,1124,0,0,1124,0,0,1,0,3,1,5,1,,0,0,0,36,190,0,0,0,0,4,2006,110964.03
1181,60,11170,7,5,1990,1991,0.0,1216,0,0,1216,1298,1216,0,2514,0,0,2,1,4,1,8,0,1990.0,2,693,0,0,0,0,0,0,0,4,2006,243450.05
1182,120,5587,8,5,2008,2008,186.0,1480,0,120,1600,1652,0,0,1652,1,1,2,0,2,1,5,1,2008.0,2,482,162,53,0,153,0,0,0,11,2008,151813.8
1183,60,15623,10,5,1996,1996,0.0,2096,0,300,2396,2411,2065,0,4476,1,0,3,1,4,1,10,2,1996.0,3,813,171,78,0,0,0,555,0,7,2007,478631.0
1184,30,10800,5,6,1920,1950,0.0,821,0,299,1120,1130,0,0,1130,1,0,1,0,2,1,5,1,1970.0,2,720,229,0,0,0,0,0,0,6,2006,169500.06
1185,20,35133,5,4,1963,1963,226.0,1159,0,413,1572,1572,0,0,1572,1,0,1,1,3,1,5,2,1963.0,3,995,0,263,0,0,263,0,0,5,2007,204209.1
1186,50,9738,5,7,1924,1950,0.0,392,0,392,784,949,272,0,1221,1,0,1,0,4,1,7,0,1965.0,1,392,0,0,236,0,0,0,0,3,2006,119829.04
1187,190,10615,3,5,1900,1970,0.0,440,0,538,978,1014,685,0,1699,1,0,2,0,3,2,7,0,1920.0,2,420,0,74,0,0,0,0,0,8,2009,78361.305
1188,20,12461,8,5,1994,1995,0.0,1456,0,168,1624,1624,0,0,1624,1,0,2,0,2,1,5,1,1994.0,3,757,0,114,192,0,0,0,0,7,2006,323704.38
1189,60,8935,7,5,2002,2002,95.0,0,0,831,831,831,829,0,1660,0,0,2,1,3,1,7,0,2002.0,2,493,144,68,0,0,0,0,0,7,2009,194487.27
1190,60,7500,7,5,1999,1999,0.0,0,0,994,994,1028,776,0,1804,0,0,2,1,3,1,7,1,1999.0,2,442,140,60,0,0,0,0,0,6,2010,219039.17
1191,190,32463,4,4,1961,1975,149.0,1159,0,90,1249,1622,0,0,1622,1,0,1,0,3,1,7,1,1975.0,4,1356,439,0,0,0,0,0,0,3,2007,195695.94
1192,160,2645,8,5,1999,2000,456.0,0,0,776,776,764,677,0,1441,0,0,2,1,2,1,5,0,1999.0,2,492,206,0,0,0,0,0,0,11,2007,208951.58
1193,50,9600,5,8,1925,1994,0.0,0,0,702,702,842,630,0,1472,0,0,1,0,3,1,6,0,1925.0,1,250,0,0,84,0,0,0,0,7,2007,125024.06
1194,120,4500,6,5,1999,1999,425.0,883,0,341,1224,1224,0,0,1224,1,0,2,0,2,1,5,0,1999.0,2,402,0,304,0,0,0,0,0,6,2009,162114.38
1195,60,9364,6,7,1969,1969,143.0,371,0,292,663,663,689,0,1352,0,0,1,1,4,1,7,0,1969.0,1,299,379,36,0,0,0,0,0,3,2010,135640.33
1196,60,8029,6,5,2005,2005,0.0,0,0,728,728,728,728,0,1456,0,0,2,1,3,1,8,0,2005.0,2,400,100,24,0,0,0,0,0,7,2008,185361.23
1197,60,14054,7,5,2006,2006,0.0,0,0,879,879,879,984,0,1863,0,0,2,1,4,1,9,1,2006.0,3,660,100,17,0,0,0,0,0,11,2006,242398.9
1198,75,8850,7,6,1916,1950,0.0,0,0,815,815,815,875,0,1690,0,0,1,0,3,1,7,1,1916.0,1,225,0,0,330,0,0,0,0,7,2006,142329.08
1199,20,9100,7,5,2001,2001,0.0,0,0,1212,1212,1212,0,0,1212,0,0,2,0,3,1,6,0,2001.0,2,573,356,0,0,0,0,0,0,6,2009,178888.06
1200,20,11235,4,5,1963,1979,51.0,547,0,504,1051,1382,0,0,1382,0,0,1,1,3,1,6,1,1974.0,2,459,0,82,0,0,0,0,0,10,2006,110347.14
1201,20,9353,4,5,1970,1970,0.0,0,0,864,864,864,0,0,864,0,0,1,0,3,1,5,0,1972.0,1,280,0,0,0,0,0,0,0,7,2006,109464.48
1202,60,10400,7,5,1998,1998,0.0,0,0,866,866,866,913,0,1779,0,0,2,1,3,1,6,0,1998.0,2,546,198,36,0,0,0,0,0,3,2009,199930.58
1203,50,6000,5,8,1925,1997,0.0,0,0,884,884,884,464,0,1348,1,0,1,0,3,1,5,1,1960.0,1,216,0,0,208,0,0,0,0,5,2009,139849.11
1204,20,9750,7,5,2000,2001,171.0,0,0,1630,1630,1630,0,0,1630,0,0,2,0,3,1,6,1,2000.0,2,451,74,234,0,0,0,0,0,10,2009,207883.55
1205,20,10140,5,6,1975,1975,0.0,788,0,268,1056,1074,0,0,1074,1,0,1,1,3,1,6,0,1975.0,2,495,0,88,0,0,0,0,0,7,2006,143877.47
1206,20,14684,7,7,1990,1991,234.0,485,177,1496,2158,2196,0,0,2196,0,0,2,0,3,1,7,1,1990.0,3,701,84,70,0,0,0,0,0,6,2009,258829.62
1207,20,8900,4,4,1966,1966,0.0,1056,0,0,1056,1056,0,0,1056,1,0,1,0,2,1,5,0,1966.0,1,384,0,42,0,0,0,0,0,11,2006,110462.164
1208,20,9135,6,5,2003,2003,120.0,340,0,1342,1682,1700,0,0,1700,1,0,2,0,3,1,7,0,2003.0,2,544,192,23,0,0,0,0,0,5,2006,216438.42
1209,20,7763,5,7,1962,1980,0.0,504,108,319,931,1283,0,0,1283,1,0,1,0,3,1,6,0,1980.0,2,506,0,0,0,0,0,0,0,10,2008,129893.89
1210,20,10182,8,5,2006,2006,420.0,1220,0,440,1660,1660,0,0,1660,1,0,2,0,3,1,8,1,2006.0,2,500,322,50,0,0,0,0,0,5,2006,306322.56
1211,60,11218,6,5,1992,1992,0.0,0,0,1055,1055,1055,790,0,1845,0,0,2,1,3,1,8,1,1992.0,2,462,635,104,0,0,0,0,400,5,2010,207658.44
1212,50,12134,8,7,1988,2005,0.0,427,0,132,559,1080,672,0,1752,0,0,2,0,4,1,8,0,1988.0,2,492,325,12,0,0,0,0,0,6,2010,209224.92
1213,30,9340,4,6,1941,1950,0.0,344,0,328,672,672,0,0,672,1,0,1,0,2,1,4,0,1941.0,1,234,0,113,0,0,0,0,0,8,2009,77383.87
1214,80,10246,4,9,1965,2001,0.0,648,0,0,648,960,0,0,960,1,1,0,0,0,1,3,0,1965.0,1,364,88,0,0,0,0,0,0,5,2006,147552.31
1215,85,10205,5,5,1962,1962,0.0,784,0,141,925,999,0,0,999,1,0,1,0,3,1,6,0,1962.0,1,300,150,72,0,0,0,0,0,5,2006,147489.55
1216,20,7094,5,5,1966,1966,0.0,180,374,340,894,894,0,0,894,0,0,1,0,3,1,5,0,1966.0,1,384,0,0,0,0,0,0,0,5,2007,128011.41
1217,90,8930,6,5,1978,1978,0.0,0,0,0,0,1318,584,0,1902,0,0,2,0,4,2,8,0,1978.0,2,539,0,0,0,0,0,0,0,4,2010,130374.92
1218,20,8640,8,5,2009,2009,72.0,936,0,364,1300,1314,0,0,1314,1,0,2,0,3,1,6,0,2009.0,2,552,135,112,0,0,0,0,0,9,2009,224826.1
1219,50,6240,4,5,1947,1950,0.0,0,0,0,0,672,240,0,912,0,0,1,0,2,1,3,0,,0,0,0,0,0,0,0,0,0,7,2006,61726.457
1220,160,1680,6,5,1971,1971,236.0,0,0,672,672,672,546,0,1218,0,0,1,1,3,1,7,0,,0,0,201,0,0,0,0,0,0,4,2006,129200.93
1221,20,7800,5,5,1964,1964,0.0,312,600,0,912,912,0,0,912,0,0,1,0,2,1,5,0,1964.0,1,288,0,0,0,0,0,0,0,11,2006,106087.13
1222,20,8250,5,5,1968,1968,0.0,250,492,210,952,1211,0,0,1211,0,0,1,0,3,1,5,1,1968.0,1,322,0,63,0,0,0,0,0,8,2008,95031.06
1223,50,10496,6,6,1949,1950,320.0,196,0,844,1040,1168,678,0,1846,0,0,2,0,3,1,7,1,1949.0,1,315,0,0,0,0,0,0,0,1,2007,158925.44
1224,20,10680,5,3,1951,1951,44.0,756,0,1380,2136,2136,0,0,2136,0,0,2,0,4,1,7,0,1951.0,2,528,0,30,0,0,0,0,0,10,2006,120704.08
1225,60,15384,7,5,2004,2005,0.0,724,0,64,788,788,702,0,1490,1,0,2,1,3,1,8,1,2004.0,2,388,100,75,0,0,0,0,0,2,2008,222075.86
1226,80,10482,6,8,1958,1958,63.0,507,0,81,588,1138,0,0,1138,0,1,1,0,3,1,6,0,1958.0,1,264,224,0,0,0,0,0,0,6,2007,148124.12
1227,60,14598,6,5,2007,2007,74.0,0,0,894,894,894,1039,0,1933,0,0,2,1,4,1,9,1,2007.0,3,668,100,18,0,0,0,0,0,1,2008,231201.17
1228,20,8872,5,8,1965,2008,300.0,595,0,317,912,912,0,0,912,1,0,1,0,2,1,5,0,1992.0,2,576,0,240,0,0,0,0,0,12,2008,147951.02
1229,120,8769,9,5,2008,2008,766.0,1540,0,162,1702,1702,0,0,1702,1,0,1,1,1,1,7,1,2008.0,3,1052,0,72,0,0,224,0,0,10,2008,389389.06
1230,80,7910,5,5,1960,1960,0.0,666,0,409,1075,1507,0,0,1507,0,0,2,0,4,1,7,0,1960.0,1,404,0,0,0,0,0,0,0,8,2008,127522.695
1231,90,18890,5,5,1977,1977,1.0,498,211,652,1361,1361,1259,0,2620,0,0,2,2,4,2,12,1,1977.0,2,600,155,24,145,0,0,0,8300,8,2007,353731.38
1232,90,7728,5,6,1962,1962,120.0,803,0,303,1106,1190,0,0,1190,1,0,1,0,3,1,6,0,1962.0,2,540,0,18,0,0,0,0,0,5,2006,132835.72
1233,90,9842,4,5,1962,1962,0.0,0,0,0,0,1224,0,0,1224,0,0,2,0,2,2,6,0,1962.0,2,462,0,0,0,0,0,0,0,3,2007,124262.7
1234,20,12160,5,5,1959,1959,180.0,1000,0,188,1188,1188,0,0,1188,1,0,1,0,3,1,6,0,1959.0,2,531,0,0,0,0,0,0,0,5,2010,140471.33
1235,70,8525,5,6,1911,1950,0.0,0,0,940,940,1024,940,0,1964,0,0,1,1,4,1,7,0,,0,0,0,192,0,0,0,0,0,11,2008,126743.49
1236,70,13132,5,5,1914,1950,0.0,0,0,747,747,892,892,0,1784,0,0,1,1,4,1,9,0,1914.0,1,180,203,40,0,0,0,0,0,7,2006,107528.03
1237,160,2628,7,5,2003,2003,106.0,0,0,764,764,764,862,0,1626,0,0,2,1,2,1,6,0,2003.0,2,474,0,27,0,0,0,0,0,6,2010,157098.67
1238,60,12393,7,5,2004,2005,0.0,0,0,847,847,847,1101,0,1948,0,0,2,1,4,1,8,1,2004.0,2,434,100,48,0,0,0,0,0,9,2006,220095.62
1239,20,13072,6,5,2005,2005,0.0,0,0,1141,1141,1141,0,0,1141,0,0,1,1,3,1,6,0,2005.0,2,484,0,0,0,0,0,0,0,3,2006,178505.42
1240,20,9037,8,5,2006,2006,32.0,428,0,1048,1476,1484,0,0,1484,0,0,2,0,2,1,6,1,2006.0,2,472,120,33,0,0,0,0,0,12,2007,250424.39
1241,60,8158,7,5,2003,2003,252.0,550,0,334,884,884,884,0,1768,1,0,2,1,3,1,8,0,2003.0,2,543,0,63,0,0,0,0,0,7,2008,228541.5
1242,20,9849,7,6,2007,2007,0.0,0,0,1689,1689,1689,0,0,1689,0,0,2,0,3,1,7,0,2007.0,3,954,0,56,0,0,0,0,0,6,2007,253020.47
1243,85,10625,7,6,1974,1974,81.0,885,168,0,1053,1173,0,0,1173,1,0,2,0,3,1,6,2,1974.0,2,528,0,120,0,0,0,0,0,1,2010,195865.88
1244,20,13891,10,5,2006,2006,,1386,0,690,2076,2076,0,0,2076,1,0,2,1,2,1,7,1,2006.0,3,850,216,229,0,0,0,0,0,9,2006,
1245,70,11435,8,7,1929,1950,0.0,0,0,792,792,792,725,0,1517,0,0,1,0,3,1,7,2,1931.0,2,400,0,0,0,0,0,0,0,6,2006,151292.8
1246,80,12090,6,7,1984,2003,74.0,0,0,585,585,1140,728,0,1868,0,0,3,1,3,1,7,1,1984.0,2,477,268,112,0,0,147,0,0,1,2007,245897.64
1247,60,8125,7,5,2005,2006,0.0,0,0,756,756,756,797,0,1553,0,0,2,1,3,1,6,0,2005.0,2,615,0,45,0,0,0,0,0,3,2006,215694.42
1248,80,12328,6,5,1976,1976,335.0,539,0,473,1012,1034,0,0,1034,1,0,1,0,3,1,6,0,1976.0,3,888,0,0,0,0,0,0,0,5,2010,145546.1
1249,75,9600,6,5,1917,1950,0.0,319,0,416,735,1134,924,0,2058,0,0,1,1,3,1,8,1,1950.0,2,396,0,0,259,0,0,0,0,4,2008,156125.39
1250,20,7200,5,7,1950,1950,0.0,534,96,246,876,988,0,0,988,0,0,1,0,3,1,6,0,1950.0,1,276,0,80,0,0,0,0,0,5,2007,120308.72
1251,20,11160,7,5,1968,1968,0.0,1065,0,1045,2110,2110,0,0,2110,1,0,2,1,3,1,8,2,1968.0,2,522,0,0,0,0,0,0,0,4,2010,283733.56
1252,120,3136,7,5,2003,2003,163.0,0,0,1405,1405,1405,0,0,1405,0,0,2,0,2,1,6,1,2003.0,2,478,148,36,0,0,0,0,0,3,2006,232032.75
1253,20,9858,5,6,1968,1968,0.0,510,0,354,864,874,0,0,874,1,0,1,0,3,1,5,0,1968.0,1,288,33,0,0,0,0,0,600,11,2009,136061.44
1254,60,17542,7,7,1974,2003,0.0,125,1031,36,1192,1516,651,0,2167,1,0,2,1,3,1,9,2,1974.0,2,518,220,47,0,0,0,0,0,7,2007,238674.47
1255,60,6931,7,5,2003,2004,92.0,0,0,746,746,760,896,0,1656,0,0,2,1,3,1,7,1,2003.0,2,397,178,128,0,0,0,0,0,7,2008,197454.94
1256,50,6240,6,6,1931,1950,0.0,425,0,459,884,959,408,0,1367,0,0,1,0,3,1,6,1,1978.0,1,560,0,0,0,0,120,0,0,11,2007,128721.66
1257,20,14303,8,5,1994,1994,554.0,1314,0,672,1986,1987,0,0,1987,1,0,2,0,2,1,7,1,1994.0,2,691,262,36,0,0,0,0,0,8,2008,277740.47
1258,30,4060,5,8,1922,1950,0.0,0,0,864,864,864,0,0,864,0,0,1,0,2,1,4,0,,0,0,0,96,0,0,0,0,0,7,2009,70346.78
1259,80,9587,7,5,2005,2005,182.0,655,0,201,856,1166,0,0,1166,1,0,2,0,2,1,5,0,2005.0,2,400,212,0,0,0,0,0,0,7,2008,170920.61
1260,20,9750,6,8,1969,1969,0.0,602,438,14,1054,1054,0,0,1054,1,0,1,1,3,1,6,0,1969.0,2,460,180,0,0,0,80,0,0,7,2008,169795.61
1261,60,24682,6,5,1999,1999,0.0,0,0,841,841,892,783,0,1675,0,0,2,1,3,1,7,1,1999.0,2,502,0,103,0,0,0,0,0,6,2009,183404.0
1262,20,9600,5,6,1956,1956,0.0,504,0,546,1050,1050,0,0,1050,0,0,1,0,2,1,5,0,1956.0,1,338,0,0,0,0,0,0,0,6,2009,106894.44
1263,50,11250,4,5,1957,1989,0.0,0,0,1104,1104,1104,684,0,1788,1,0,1,0,5,1,8,2,1957.0,1,304,120,0,0,0,0,0,0,11,2009,110619.766
1264,70,13515,6,6,1919,1950,0.0,0,0,764,764,1060,764,0,1824,0,0,1,0,3,1,8,1,1940.0,2,520,0,0,126,0,0,0,0,7,2007,119040.42
1265,120,4060,6,5,1998,1999,0.0,266,0,1139,1405,1337,0,0,1337,1,0,2,0,2,1,5,0,1998.0,2,511,144,68,0,0,0,0,0,8,2008,154579.62
1266,160,3735,7,5,1999,1999,218.0,450,0,241,691,713,739,0,1452,1,0,2,1,3,1,6,0,1999.0,2,506,0,34,0,0,0,0,0,3,2006,186504.77
1267,190,10120,7,4,1910,1950,0.0,0,0,925,925,964,925,0,1889,0,0,1,1,4,2,9,1,1960.0,1,308,0,0,264,0,0,0,0,1,2007,64206.566
1268,20,13214,9,5,2008,2009,0.0,0,0,2002,2002,2018,0,0,2018,0,0,2,0,3,1,10,1,2009.0,3,746,144,76,0,0,0,0,0,5,2010,354462.8
1269,50,14100,8,9,1935,1997,632.0,192,0,536,728,1968,1479,0,3447,0,0,3,1,4,1,11,2,1982.0,3,1014,314,12,0,0,0,0,0,5,2008,384647.38
1270,50,11344,5,5,1958,1958,180.0,460,0,414,874,874,650,0,1524,0,0,1,1,3,1,7,0,1958.0,1,315,0,0,0,0,0,0,0,7,2007,106491.984
1271,40,23595,7,6,1979,1979,0.0,1258,0,74,1332,1332,192,0,1524,2,0,0,1,0,1,4,1,1979.0,2,586,268,0,0,0,0,0,0,4,2010,305394.2
1272,20,9156,6,7,1968,1968,0.0,0,0,1489,1489,1489,0,0,1489,0,0,2,0,3,1,7,1,1968.0,2,462,0,0,0,0,0,0,0,8,2009,185746.22
1273,20,13526,5,6,1965,1965,114.0,560,375,0,935,935,0,0,935,1,0,1,0,3,1,5,0,1965.0,1,288,180,0,0,0,0,0,0,11,2006,111220.766
1274,80,11512,6,7,1959,2006,84.0,719,0,300,1019,1357,0,0,1357,1,0,1,0,2,1,5,1,1959.0,1,312,0,0,0,0,163,0,0,5,2008,191412.86
1275,50,5362,5,6,1910,2003,0.0,0,0,661,661,661,589,0,1250,0,0,2,0,3,1,8,1,1985.0,2,552,242,0,81,0,0,0,0,11,2007,161745.08
1276,90,11345,5,5,1948,1950,567.0,220,0,708,928,928,992,0,1920,0,0,2,0,4,2,10,0,1948.0,2,400,0,0,0,0,0,0,0,7,2007,133432.88
1277,60,12936,6,6,1972,1972,0.0,593,0,130,723,735,660,0,1395,0,1,1,1,3,1,6,1,1972.0,2,497,294,116,0,0,0,0,0,12,2009,160512.75
1278,80,17871,6,5,1967,1976,359.0,528,0,1152,1680,1724,0,0,1724,1,0,1,1,3,1,7,1,1967.0,2,480,0,0,0,0,0,0,0,6,2009,215050.89
1279,60,9473,8,5,2002,2002,,804,0,324,1128,1128,903,0,2031,1,0,2,1,3,1,7,1,2002.0,2,577,0,211,0,0,0,0,0,3,2008,
1280,50,7500,4,4,1920,1950,0.0,0,0,698,698,698,430,0,1128,0,0,1,0,2,1,6,0,1980.0,2,528,30,0,164,0,0,0,0,4,2010,93481.69
1281,20,9808,7,5,2002,2002,110.0,788,0,785,1573,1573,0,0,1573,1,0,2,0,3,1,6,0,2002.0,2,544,0,72,0,0,0,0,0,3,2009,236454.84
1282,20,8049,7,5,1990,1990,54.0,1053,0,256,1309,1339,0,0,1339,1,0,2,0,2,1,6,1,1990.0,2,484,0,58,0,0,90,0,0,7,2006,243244.64
1283,20,8800,5,7,1977,2008,0.0,532,144,364,1040,1040,0,0,1040,0,0,2,0,3,1,5,0,1977.0,2,484,0,0,0,0,288,0,0,9,2009,162315.31
1284,90,9400,6,5,1971,1971,0.0,0,0,912,912,912,912,0,1824,0,0,2,2,4,2,8,0,,0,0,128,0,0,0,0,0,0,4,2010,126075.164
1285,50,9638,6,7,1919,1990,0.0,0,0,804,804,1699,748,0,2447,0,0,2,0,4,1,10,1,1969.0,1,336,272,0,42,0,116,0,0,3,2010,207275.45
1286,50,6000,6,6,1939,1950,0.0,0,0,780,780,825,587,0,1412,0,0,1,0,4,1,6,1,1939.0,1,280,45,0,0,0,0,0,0,5,2009,104237.414
1287,20,9790,6,5,1963,1963,451.0,569,81,678,1328,1328,0,0,1328,1,0,1,1,3,1,6,2,1963.0,2,528,0,26,0,0,0,0,0,6,2010,160291.42
1288,20,36500,5,5,1964,1964,621.0,812,0,812,1624,1582,0,0,1582,0,1,2,0,4,1,7,0,1964.0,2,390,168,198,0,0,0,0,0,6,2006,202880.4
1289,120,5664,8,5,2000,2000,0.0,1158,0,343,1501,1659,0,0,1659,1,0,2,0,2,1,5,1,2000.0,2,499,212,59,0,0,0,0,0,10,2009,267346.16
1290,60,11065,8,5,2006,2006,788.0,0,0,1085,1085,1120,850,0,1970,0,0,2,1,3,1,8,1,2006.0,3,753,177,74,0,0,0,0,0,10,2006,312035.3
1291,80,14112,5,7,1964,1964,86.0,1014,0,138,1152,1152,0,0,1152,1,0,1,0,3,1,6,1,1964.0,2,484,227,0,0,0,0,0,0,4,2010,175639.36
1292,160,1680,5,7,1972,1972,268.0,231,0,399,630,630,672,0,1302,0,0,2,1,3,1,6,0,1972.0,1,264,185,0,0,0,0,0,0,2,2009,108377.25
1293,70,6600,5,4,1892,1965,0.0,0,0,994,994,1378,994,0,2372,0,0,2,0,4,2,11,0,1985.0,1,432,0,287,0,0,0,0,0,12,2009,159300.52
1294,60,10140,7,5,1976,1976,0.0,194,0,638,832,832,832,0,1664,0,0,2,1,4,1,8,1,1976.0,2,528,0,28,0,0,259,0,0,3,2006,251959.81
1295,20,8172,5,7,1955,1990,0.0,167,0,697,864,864,0,0,864,1,0,1,0,2,1,5,0,1957.0,2,572,0,0,0,0,0,0,0,4,2006,132174.22
1296,20,8400,5,5,1968,1968,168.0,1016,0,36,1052,1052,0,0,1052,1,0,1,1,3,1,5,0,1968.0,1,288,356,0,0,0,0,0,0,11,2006,122441.36
1297,20,8700,5,6,1963,1963,148.0,776,0,344,1120,1128,0,0,1128,1,0,2,0,3,1,6,0,1963.0,2,525,192,20,123,0,0,0,0,12,2008,124406.38
1298,180,3675,6,5,2005,2006,82.0,547,0,0,547,1072,0,0,1072,1,0,2,0,2,1,5,0,2005.0,2,525,0,44,0,0,0,0,0,6,2006,182781.98
1299,60,63887,10,5,2008,2008,796.0,5644,0,466,6110,4692,950,0,5642,2,0,2,1,3,1,12,3,2008.0,2,1418,214,292,0,0,0,480,0,1,2008,652346.0
1300,20,7500,5,7,1959,1994,0.0,340,906,0,1246,1246,0,0,1246,1,0,1,1,3,1,6,0,1959.0,1,305,218,0,0,0,0,0,0,5,2010,159626.06
1301,60,10762,7,5,1999,1999,344.0,694,0,284,978,1005,978,0,1983,0,0,2,1,3,1,9,1,1999.0,2,490,0,0,0,0,0,0,0,5,2009,245341.5
1302,70,7500,6,7,1942,1950,0.0,547,0,224,771,753,741,0,1494,0,0,1,0,3,1,7,2,1942.0,1,213,0,0,0,0,224,0,0,11,2009,183310.9
1303,60,10120,8,5,1994,1994,391.0,740,0,425,1165,1203,1323,0,2526,1,0,2,1,4,1,8,1,1994.0,3,844,309,78,0,0,0,0,0,12,2006,317688.2
1304,20,8688,7,5,2005,2005,228.0,0,0,1616,1616,1616,0,0,1616,0,0,2,0,3,1,7,0,2005.0,3,834,208,59,0,0,0,0,0,4,2006,275441.62
1305,160,3363,7,5,2004,2004,117.0,0,0,976,976,976,732,0,1708,0,0,2,0,3,1,7,0,2004.0,2,380,0,40,0,0,0,0,0,4,2006,206186.73
1306,20,13173,9,5,2006,2007,300.0,1572,0,80,1652,1652,0,0,1652,1,0,2,0,2,1,6,2,2006.0,2,840,404,102,0,0,0,0,0,11,2009,299718.75
1307,120,6955,7,5,2005,2006,94.0,0,0,1368,1368,1368,0,0,1368,0,0,2,0,2,1,6,1,2005.0,2,474,132,35,0,0,0,0,0,9,2006,224726.19
1308,20,8072,5,5,1994,1995,0.0,746,0,244,990,990,0,0,990,1,0,1,0,3,1,5,0,2000.0,2,480,0,64,0,0,0,0,0,5,2009,151074.5
1309,20,12000,5,7,1948,2005,0.0,144,608,172,924,1122,0,0,1122,1,0,1,0,2,1,6,0,1948.0,2,528,0,36,0,0,0,0,0,5,2008,145285.47
1310,20,7153,6,5,1991,1991,88.0,1200,0,78,1278,1294,0,0,1294,1,0,2,0,3,1,6,0,1991.0,2,496,112,51,0,0,0,0,0,6,2008,200032.36
1311,20,17500,7,8,1959,2002,0.0,1406,0,496,1902,1902,0,0,1902,1,0,2,0,3,1,7,2,1959.0,2,567,0,207,162,0,0,0,0,5,2010,283586.22
1312,20,8814,7,5,2005,2007,80.0,925,0,349,1274,1274,0,0,1274,1,0,2,0,3,1,6,0,2005.0,2,508,264,98,0,0,0,0,0,1,2007,216569.61
1313,60,9572,8,5,1990,1990,336.0,482,0,971,1453,1453,1357,0,2810,0,0,2,1,4,1,9,1,1990.0,2,750,500,0,0,0,0,0,0,6,2007,316511.34
1314,60,14774,9,5,1999,1999,165.0,0,0,1393,1393,1422,1177,0,2599,0,0,2,1,4,1,10,1,1999.0,3,779,668,30,0,0,0,0,0,5,2010,332676.8
1315,20,8190,4,6,1954,1954,0.0,732,0,216,948,948,0,0,948,1,0,1,0,3,1,5,1,1956.0,1,280,0,36,0,0,0,0,0,10,2007,131251.36
1316,60,11075,6,5,1969,1969,0.0,500,276,176,952,1092,1020,0,2112,0,0,2,1,4,1,9,2,1969.0,2,576,280,0,0,0,0,0,0,6,2008,241277.61
1317,20,10226,8,5,2008,2008,270.0,0,0,1622,1622,1630,0,0,1630,1,0,2,0,3,1,8,1,2008.0,3,860,172,42,0,0,0,0,0,1,2009,314738.2
1318,120,4230,7,5,2006,2007,0.0,0,0,1352,1352,1352,0,0,1352,0,0,2,0,2,1,5,1,2006.0,2,466,0,241,0,0,0,0,0,4,2007,189568.25
1319,20,14781,8,5,2001,2002,178.0,0,0,1753,1753,1787,0,0,1787,0,0,2,0,3,1,7,1,2001.0,3,748,198,150,0,0,0,0,0,8,2006,277716.1
1320,20,10215,4,5,1954,1954,132.0,492,0,372,864,948,0,0,948,0,0,1,0,3,1,5,0,1954.0,1,248,0,0,0,0,0,0,0,2,2007,122090.88
1321,20,8400,6,3,1957,1957,0.0,189,661,628,1478,1478,0,0,1478,1,0,1,1,3,1,6,2,1957.0,2,442,114,0,0,0,216,0,0,6,2009,133320.8
1322,20,6627,3,6,1949,1950,0.0,0,0,0,0,720,0,0,720,0,0,1,0,2,1,4,0,1955.0,1,287,0,0,0,0,0,0,0,7,2008,54647.953
1323,60,10186,7,5,1992,1992,0.0,674,0,76,750,1061,862,0,1923,1,0,2,1,3,1,8,1,1992.0,2,564,240,39,0,0,0,0,0,6,2010,217939.98
1324,30,5330,4,7,1940,1950,0.0,280,0,140,420,708,0,0,708,0,0,1,0,2,1,5,0,,0,0,164,0,0,0,0,0,0,12,2009,89340.83
1325,20,9986,8,5,2006,2007,428.0,0,0,1795,1795,1795,0,0,1795,0,0,2,0,2,1,7,1,2007.0,3,895,0,49,0,0,0,0,0,2,2007,323926.5
1326,30,3636,4,4,1922,1950,0.0,0,0,796,796,796,0,0,796,0,0,1,0,2,1,5,0,,0,0,0,0,100,0,0,0,0,1,2008,89136.62
1327,30,4270,3,6,1931,2006,0.0,544,0,0,544,774,0,0,774,0,0,1,0,3,1,6,0,,0,0,0,0,286,0,0,0,0,5,2007,126824.2
1328,20,6600,5,9,1982,2008,0.0,641,0,175,816,816,0,0,816,0,1,1,0,3,1,5,1,1982.0,1,264,0,0,0,0,0,0,0,10,2008,174856.83
1329,50,10440,6,7,1920,1950,0.0,493,0,1017,1510,1584,1208,0,2792,0,0,2,0,5,1,8,2,1920.0,2,520,0,547,0,0,480,0,1150,6,2008,275479.56
1330,60,9084,7,5,1998,1998,0.0,0,0,935,935,955,677,0,1632,0,0,2,1,3,1,8,1,1998.0,2,462,0,28,0,0,0,0,0,6,2006,216680.31
1331,20,10000,8,5,2006,2006,410.0,0,0,1588,1588,1588,0,0,1588,0,0,2,0,3,1,7,1,2006.0,3,825,144,45,0,0,0,0,0,12,2007,281783.7
1332,80,10780,5,5,1976,1976,0.0,483,0,428,911,954,0,0,954,0,0,1,0,3,1,6,0,1976.0,2,576,0,0,0,0,0,0,0,7,2006,132210.33
1333,20,8877,4,6,1938,1958,0.0,690,0,126,816,816,0,0,816,1,0,1,0,2,1,3,1,1958.0,1,288,0,0,0,0,0,0,0,5,2009,106959.234
1334,50,7200,5,6,1938,1995,0.0,0,0,803,803,803,557,0,1360,0,0,1,1,2,1,6,0,1951.0,1,297,0,65,190,0,0,0,0,7,2006,136711.11
1335,160,2368,5,6,1970,1970,312.0,765,0,0,765,765,600,0,1365,0,0,1,1,3,1,7,0,1970.0,2,440,0,36,0,0,0,0,0,5,2009,90916.1
1336,20,9650,6,5,1977,1977,360.0,686,0,664,1350,1334,0,0,1334,0,1,2,0,2,1,6,1,1977.0,2,630,0,16,0,0,0,0,0,4,2009,216906.78
1337,90,9246,5,5,1973,1973,564.0,0,0,1656,1656,1656,0,0,1656,0,0,2,0,4,2,8,0,1973.0,2,506,0,211,0,0,0,0,0,11,2008,108781.836
1338,30,4118,4,4,1941,1950,0.0,0,0,693,693,693,0,0,693,0,0,1,0,2,1,4,0,,0,0,0,20,0,0,0,0,0,3,2006,93732.82
1339,60,13450,7,5,2002,2002,0.0,700,0,216,916,920,941,0,1861,1,0,2,1,3,1,8,0,2002.0,2,492,146,91,0,0,0,0,0,6,2006,235740.14
1340,20,9560,5,7,1972,1972,0.0,360,0,504,864,864,0,0,864,0,0,1,0,3,1,5,0,1972.0,1,288,0,0,0,0,0,0,0,6,2006,134438.28
1341,20,8294,4,5,1971,1971,0.0,0,0,858,858,872,0,0,872,0,0,1,0,3,1,5,0,1974.0,4,480,0,0,0,0,0,0,0,6,2007,111544.914
1342,20,13695,6,5,2003,2004,0.0,814,0,300,1114,1114,0,0,1114,1,0,1,0,3,1,6,0,2004.0,2,576,0,78,0,0,0,0,0,7,2008,188772.47
1343,60,9375,8,5,2002,2002,149.0,0,0,1284,1284,1284,885,0,2169,0,0,2,1,3,1,7,1,2002.0,2,647,192,87,0,0,0,0,0,8,2007,275852.53
1344,50,7558,6,6,1928,1950,0.0,0,0,896,896,1172,741,0,1913,0,0,1,1,3,1,9,1,1929.0,2,342,0,0,0,0,0,0,0,3,2009,144674.72
1345,60,11103,7,5,2006,2006,0.0,0,0,728,728,728,728,0,1456,0,0,2,1,3,1,8,1,2006.0,2,440,0,0,0,0,0,0,0,7,2007,208339.33
1346,30,6000,4,4,1920,1950,0.0,250,0,710,960,960,0,0,960,0,0,1,0,2,1,5,0,1997.0,1,308,0,0,168,0,0,0,0,7,2007,88196.85
1347,20,20781,7,7,1968,2003,0.0,297,68,1203,1568,2156,0,0,2156,0,0,2,0,3,1,9,1,1968.0,2,508,0,80,0,290,0,0,0,6,2006,307441.9
1348,20,15306,8,5,2006,2007,100.0,80,0,1652,1732,1776,0,0,1776,1,0,2,0,3,1,7,1,2006.0,3,712,0,0,0,0,0,0,0,5,2007,294196.84
1349,20,16196,7,5,1998,1998,0.0,1443,0,39,1482,1494,0,0,1494,1,0,2,0,3,1,5,1,1998.0,2,514,402,25,0,0,0,0,0,8,2007,205771.16
1350,70,5250,8,5,1872,1987,0.0,259,0,425,684,938,1215,205,2358,0,0,2,0,4,1,8,0,,0,0,0,54,20,0,0,0,0,12,2008,172306.72
1351,90,11643,5,5,1969,1969,368.0,500,0,748,1248,1338,1296,0,2634,1,1,2,2,6,2,12,0,1969.0,4,968,0,0,0,0,0,0,0,8,2009,206643.31
1352,60,9247,6,6,1962,1962,318.0,319,0,539,858,858,858,0,1716,0,0,1,1,4,1,8,1,1962.0,2,490,0,84,0,0,120,0,0,3,2008,144774.88
1353,50,6000,6,9,1937,2000,0.0,0,0,698,698,786,390,0,1176,0,0,1,0,2,1,4,0,1999.0,2,624,210,0,0,0,0,0,0,7,2009,152978.19
1354,50,14720,8,5,1995,1996,579.0,816,0,1217,2033,2053,1185,0,3238,1,0,2,1,4,1,9,1,1996.0,3,666,283,86,0,0,0,0,0,3,2010,401951.06
1355,60,10316,7,5,2000,2000,0.0,735,0,257,992,992,873,0,1865,1,0,2,1,3,1,7,1,2000.0,3,839,0,184,0,0,0,0,0,6,2008,258280.16
1356,80,10192,7,6,1968,1992,143.0,0,0,570,570,1222,698,0,1920,0,0,3,0,4,1,8,1,1968.0,2,487,0,98,0,0,0,0,0,9,2006,206732.27
1357,20,9477,5,5,1966,1966,65.0,340,0,524,864,892,0,0,892,0,0,1,0,3,1,5,0,1966.0,1,264,0,0,0,0,0,0,0,10,2008,107346.086
1358,20,12537,5,6,1971,2008,0.0,734,0,344,1078,1078,0,0,1078,1,0,1,1,3,1,6,1,1971.0,2,500,0,0,0,0,0,0,0,4,2010,159502.34
1359,160,2117,6,5,2000,2000,216.0,378,0,378,756,769,804,0,1573,0,0,2,1,3,1,5,0,2000.0,2,440,0,32,0,0,0,0,0,6,2010,181377.33
1360,20,16737,9,5,2004,2005,66.0,1447,0,533,1980,1980,0,0,1980,1,0,2,0,3,1,8,1,2004.0,3,770,194,45,0,0,0,0,0,9,2006,343957.5
1361,70,9842,5,6,1921,1998,0.0,0,0,612,612,990,1611,0,2601,0,0,3,1,4,1,8,0,1998.0,2,621,183,0,301,0,0,0,0,5,2008,236559.33
1362,20,16158,7,5,2005,2005,16.0,1274,0,256,1530,1530,0,0,1530,1,0,2,0,3,1,7,1,2005.0,2,430,168,36,0,0,0,0,0,6,2009,259071.33
1363,50,12513,4,4,1920,2007,0.0,0,0,715,715,1281,457,0,1738,0,0,2,0,4,1,7,1,1920.0,1,368,55,0,0,0,0,0,0,6,2009,130678.664
1364,60,8499,6,5,2006,2007,0.0,0,0,616,616,616,796,0,1412,0,0,2,1,3,1,6,1,2007.0,2,432,0,36,0,0,0,0,0,3,2007,190157.81
1365,160,3180,7,5,2005,2005,0.0,0,0,600,600,520,600,80,1200,0,0,2,1,2,1,4,0,2005.0,2,480,0,166,0,0,0,0,0,4,2006,145122.97
1366,60,7500,7,5,2000,2000,0.0,533,0,281,814,814,860,0,1674,1,0,2,1,3,1,7,0,2000.0,2,663,0,96,0,0,0,0,0,1,2010,217395.61
1367,60,9179,7,5,1999,1999,158.0,633,0,240,873,882,908,0,1790,1,0,2,1,3,1,7,0,1999.0,2,588,0,88,0,0,0,0,0,6,2008,215927.02
1368,160,2665,5,6,1977,1977,0.0,548,173,36,757,925,550,0,1475,0,0,2,0,4,1,6,1,1977.0,1,336,104,26,0,0,0,0,0,7,2006,149151.23
1369,120,4435,6,5,2003,2004,170.0,685,0,163,848,848,0,0,848,1,0,1,0,1,1,4,0,2003.0,2,420,140,0,0,0,0,0,0,6,2009,148972.16
1370,20,10635,8,5,2003,2003,171.0,370,972,315,1657,1668,0,0,1668,1,0,2,0,3,1,8,1,2003.0,2,502,0,262,0,0,0,0,0,5,2010,295487.9
1371,50,5400,4,6,1920,1950,0.0,315,105,420,840,840,534,0,1374,0,0,1,0,2,1,6,0,1967.0,1,338,0,0,198,0,0,0,0,10,2009,100654.37
1372,80,9600,6,6,1955,1996,0.0,831,0,161,992,1661,0,0,1661,1,0,1,0,3,1,8,1,1955.0,1,377,0,28,0,0,178,0,0,10,2008,180360.39
1373,60,9750,7,6,1998,1998,0.0,975,0,133,1108,1108,989,0,2097,1,0,2,1,3,1,8,1,1998.0,2,583,253,170,0,0,0,0,0,6,2006,254076.25
1374,20,11400,10,5,2001,2002,705.0,1282,0,1351,2633,2633,0,0,2633,1,0,2,1,2,1,8,2,2001.0,3,804,314,140,0,0,0,0,0,3,2007,457325.78
1375,60,10625,7,5,2005,2005,0.0,0,0,1026,1026,1026,932,0,1958,0,0,2,1,3,1,9,1,2005.0,3,936,154,210,0,0,0,0,0,7,2008,275092.03
1376,20,10991,8,5,2007,2007,80.0,0,0,1571,1571,1571,0,0,1571,0,0,2,0,3,1,7,1,2007.0,3,722,100,36,0,0,0,0,0,12,2007,266492.53
1377,30,6292,6,5,1930,1950,0.0,384,0,384,768,790,0,0,790,0,0,1,0,2,1,4,0,1925.0,1,160,0,141,0,0,0,0,0,4,2008,82115.805
1378,50,10998,5,5,1941,1960,0.0,408,420,156,984,984,620,0,1604,0,0,2,0,3,1,6,0,1977.0,2,660,0,68,0,0,0,0,0,7,2009,151454.4
1379,160,1953,6,5,1973,1973,408.0,309,0,174,483,483,504,0,987,0,0,1,1,2,1,5,0,1973.0,1,264,72,0,0,0,0,0,0,6,2006,133783.34
1380,80,9735,5,5,2006,2007,0.0,0,0,384,384,754,640,0,1394,0,0,2,1,3,1,7,0,2007.0,2,400,100,0,0,0,0,0,0,5,2008,175409.6
1381,30,8212,3,3,1914,1950,0.0,203,0,661,864,864,0,0,864,1,0,1,0,2,1,5,0,1938.0,1,200,0,0,96,0,0,0,0,6,2010,78677.33
1382,20,12925,6,7,1970,1970,0.0,865,0,340,1205,2117,0,0,2117,0,0,2,1,4,1,7,2,1970.0,2,550,0,42,0,0,0,0,0,5,2008,230255.83
1383,70,7200,7,7,1920,1950,0.0,0,0,596,596,998,764,0,1762,1,0,1,1,4,1,8,0,1989.0,2,576,36,0,221,0,0,0,0,10,2006,141786.92
1384,30,25339,5,7,1918,2007,0.0,0,0,816,816,1416,0,0,1416,0,0,2,0,3,1,7,0,2007.0,2,576,0,0,112,0,0,0,0,8,2007,155825.12
1385,50,9060,6,5,1939,1950,0.0,204,0,356,560,698,560,0,1258,0,0,1,0,2,1,6,0,1939.0,1,280,0,0,0,0,0,0,0,10,2009,111376.3
1386,50,5436,4,8,1922,2007,0.0,735,0,61,796,796,358,0,1154,1,0,1,0,3,1,7,0,1922.0,1,240,0,96,0,0,0,0,0,5,2010,159751.36
1387,60,16692,7,5,1978,1978,184.0,790,469,133,1392,1392,1392,0,2784,1,0,3,1,5,1,12,2,1978.0,2,564,0,112,0,0,440,519,2000,7,2006,454264.72
1388,50,8520,6,7,1916,1950,0.0,168,546,0,714,1664,862,0,2526,0,0,2,0,5,1,10,1,1916.0,1,216,88,15,0,0,0,0,0,8,2007,164073.6
1389,20,14892,9,5,2006,2007,160.0,1320,0,426,1746,1746,0,0,1746,1,0,2,0,3,1,7,2,2006.0,3,758,201,39,0,0,0,0,0,10,2009,341723.25
1390,50,6000,6,6,1941,1950,0.0,375,0,360,735,869,349,0,1218,0,1,1,0,3,1,6,1,2003.0,2,440,0,0,0,0,0,0,0,3,2007,134719.48
1391,20,9100,7,5,2000,2000,244.0,1400,0,125,1525,1525,0,0,1525,1,0,2,0,3,1,6,0,2000.0,2,541,219,36,0,0,0,0,0,9,2006,207905.97
1392,90,8944,5,5,1967,1967,0.0,0,0,1584,1584,1584,0,0,1584,0,0,2,0,4,2,8,0,1967.0,3,792,0,152,0,0,0,0,0,4,2009,156044.11
1393,85,7838,5,5,1967,1967,0.0,769,0,95,864,900,0,0,900,1,0,1,0,3,1,6,1,1967.0,1,288,175,144,0,0,0,0,0,12,2006,160238.62
1394,190,10800,6,7,1905,2000,0.0,0,0,482,482,1221,691,0,1912,0,0,2,0,3,2,7,1,2003.0,2,672,0,25,212,0,0,0,0,4,2008,145302.17
1395,120,4045,7,5,2006,2006,45.0,1070,0,286,1356,1500,0,0,1500,1,0,2,0,2,1,6,1,2006.0,3,648,161,20,0,0,0,0,0,10,2006,257885.11
1396,60,12665,8,5,2005,2006,245.0,0,0,1094,1094,1133,1349,0,2482,0,0,2,1,4,1,9,1,2005.0,3,642,144,39,0,0,0,0,0,2,2007,308816.84
1397,20,57200,5,5,1948,1950,0.0,353,334,60,747,1687,0,0,1687,1,0,1,0,3,1,7,2,1966.0,2,572,0,0,50,0,0,0,0,6,2010,137852.83
1398,70,6120,5,8,1920,2004,0.0,0,0,939,939,939,574,0,1513,0,0,1,1,4,1,8,0,1933.0,1,180,24,0,150,0,0,0,0,5,2007,151229.34
1399,50,7200,5,4,1950,1982,0.0,180,352,676,1208,1136,768,0,1904,1,0,1,1,3,1,7,0,1950.0,1,240,0,0,168,0,0,0,0,5,2009,129345.3
1400,50,6171,6,6,1925,1990,0.0,264,0,712,976,1160,448,0,1608,0,0,2,1,3,1,7,1,1925.0,1,216,147,16,0,0,0,0,0,10,2009,148684.12
1401,50,6000,6,7,1929,1950,0.0,0,0,862,862,950,208,0,1158,0,0,1,0,3,1,5,1,1929.0,1,208,0,0,112,0,0,0,0,7,2008,109420.71
1402,60,7415,6,5,2004,2004,0.0,759,0,80,839,864,729,0,1593,1,0,2,1,3,1,8,1,2004.0,2,398,100,75,0,0,0,0,0,4,2008,219331.16
1403,20,6762,7,5,2006,2006,0.0,0,0,1286,1286,1294,0,0,1294,0,0,2,0,2,1,6,1,2006.0,2,662,168,55,0,0,0,0,0,7,2006,231868.12
1404,20,15256,8,5,2007,2007,84.0,929,0,556,1485,1464,0,0,1464,1,0,2,0,3,1,6,0,2007.0,3,754,168,160,0,0,0,0,0,8,2007,251471.38
1405,50,10410,3,4,1915,1950,0.0,0,0,672,672,694,520,0,1214,0,0,1,0,3,1,6,0,1998.0,3,936,216,0,160,0,0,0,0,1,2006,98017.63
1406,120,3842,8,5,2004,2005,174.0,1373,0,221,1594,1646,0,0,1646,1,1,2,0,2,1,5,1,2004.0,2,482,128,53,0,0,155,0,0,1,2008,297166.3
1407,85,8445,5,7,1972,2007,0.0,656,0,112,768,768,0,0,768,1,0,1,0,2,1,5,0,1988.0,2,396,58,0,0,0,0,0,0,3,2009,141762.34
1408,20,8780,5,5,1985,1985,0.0,625,0,208,833,833,0,0,833,1,0,1,0,3,1,5,0,,0,0,0,0,0,0,0,0,0,3,2009,112869.336
1409,70,7740,4,7,1910,1950,0.0,0,0,622,622,741,622,0,1363,0,0,1,0,3,1,6,0,1966.0,2,528,0,0,0,0,168,0,0,6,2010,112139.69
1410,60,20544,7,6,1986,1991,123.0,0,0,791,791,1236,857,0,2093,0,0,2,1,3,1,7,1,1986.0,2,542,364,63,0,0,0,0,0,11,2008,248141.62
1411,60,12420,7,5,2001,2001,0.0,666,0,278,944,944,896,0,1840,1,0,2,1,3,1,6,0,2001.0,2,622,0,45,0,0,0,0,0,6,2009,218908.53
1412,50,9600,6,8,1950,2005,0.0,120,0,736,856,1112,556,0,1668,0,0,1,1,3,1,6,0,1950.0,1,271,0,0,0,0,0,0,0,9,2009,158134.78
1413,90,7200,4,5,1949,1950,0.0,0,0,0,0,1040,0,0,1040,0,0,2,0,2,2,6,0,1956.0,2,420,0,0,0,0,0,0,0,6,2009,79583.625
1414,20,10994,8,5,2005,2006,366.0,976,0,868,1844,1844,0,0,1844,1,0,2,0,2,1,7,1,2005.0,2,620,165,44,0,0,0,0,0,9,2009,300524.06
1415,50,13053,6,7,1923,2000,0.0,0,0,833,833,1053,795,0,1848,0,0,1,1,4,1,8,1,1922.0,2,370,0,0,0,0,220,0,0,6,2008,210125.39
1416,120,3635,7,5,2007,2007,130.0,988,0,398,1386,1569,0,0,1569,0,1,2,0,1,1,7,1,2007.0,3,660,143,20,0,0,0,0,0,5,2009,240067.72
1417,190,11340,4,6,1885,1950,0.0,0,0,777,777,1246,1044,0,2290,0,0,2,0,4,2,11,0,1971.0,2,560,0,0,114,0,0,0,0,4,2010,140024.6
1418,60,16545,8,5,1998,1998,731.0,781,0,503,1284,1310,1140,0,2450,1,0,2,1,3,1,7,1,1998.0,3,1069,0,126,0,0,0,0,0,5,2009,350839.03
1419,20,9204,5,5,1963,1963,0.0,25,872,247,1144,1144,0,0,1144,1,0,1,1,3,1,6,0,1962.0,1,336,0,88,0,0,0,0,0,8,2008,107009.125
1420,20,16381,6,5,1969,1969,312.0,1110,0,734,1844,1844,0,0,1844,1,0,2,0,3,1,7,1,1969.0,2,540,0,73,216,0,0,0,0,12,2006,178743.69
1421,60,11700,6,6,1968,1968,420.0,404,0,304,708,708,708,0,1416,0,0,2,1,3,1,7,1,1968.0,2,776,0,169,0,0,119,0,0,5,2006,182143.3
1422,120,4043,6,5,1977,1977,0.0,360,0,709,1069,1069,0,0,1069,0,0,2,0,2,1,4,1,1977.0,2,440,0,55,0,0,165,0,0,7,2010,145144.52
1423,120,4435,6,5,2003,2003,170.0,686,0,162,848,848,0,0,848,1,0,1,0,1,1,3,0,2003.0,2,420,140,0,0,0,0,0,0,3,2008,153896.5
1424,80,19690,6,7,1966,1966,0.0,0,0,697,697,1575,626,0,2201,0,0,2,0,4,1,8,1,1966.0,2,432,586,236,0,0,0,738,0,8,2006,323618.34
1425,20,9503,5,5,1958,1983,0.0,457,374,193,1024,1344,0,0,1344,1,0,1,0,2,1,6,1,1970.0,1,484,316,28,0,0,0,0,0,6,2007,157230.9
1426,20,10721,6,6,1959,1959,243.0,0,0,1252,1252,1252,0,0,1252,0,0,1,0,3,1,7,0,1960.0,2,528,0,39,0,0,0,0,0,10,2008,143511.9
1427,60,10944,7,5,1994,1994,448.0,1000,0,223,1223,1223,904,0,2127,1,0,2,1,3,1,5,2,1994.0,2,525,171,132,0,0,0,0,0,8,2008,261139.53
1428,50,10930,5,6,1945,1950,0.0,580,0,333,913,1048,510,0,1558,1,0,1,1,3,1,6,1,1962.0,1,288,0,0,0,0,0,0,0,4,2008,120458.31
1429,30,7200,5,7,1940,1992,294.0,510,0,278,788,804,0,0,804,1,0,1,0,2,1,4,2,1940.0,1,240,0,0,154,0,0,0,0,2,2010,137704.1
1430,20,12546,6,7,1981,1981,310.0,678,0,762,1440,1440,0,0,1440,0,0,2,0,3,1,7,1,1981.0,2,467,0,0,99,0,0,0,0,4,2007,199630.38
1431,60,21930,5,5,2005,2005,0.0,0,0,732,732,734,1104,0,1838,0,0,2,1,4,1,7,1,2005.0,2,372,100,40,0,0,0,0,0,7,2006,181567.03
1432,120,4928,6,6,1976,1976,0.0,958,0,0,958,958,0,0,958,0,0,2,0,2,1,5,0,1976.0,2,440,0,60,0,0,0,0,0,10,2009,122579.81
1433,30,10800,4,6,1927,2007,0.0,0,0,656,656,968,0,0,968,0,0,2,0,4,1,5,0,1928.0,1,216,0,0,0,0,0,0,0,8,2007,127607.164
1434,60,10261,6,5,2000,2000,318.0,0,0,936,936,962,830,0,1792,1,0,2,1,3,1,8,1,2000.0,2,451,0,0,0,0,0,0,0,5,2008,207208.14
1435,20,17400,5,5,1977,1977,0.0,936,0,190,1126,1126,0,0,1126,1,0,2,0,3,1,5,1,1977.0,2,484,295,41,0,0,0,0,0,5,2006,195177.38
1436,20,8400,6,9,1962,2005,237.0,0,0,1319,1319,1537,0,0,1537,1,0,1,1,3,1,7,1,1962.0,2,462,0,36,0,0,0,0,0,7,2008,188595.1
1437,20,9000,4,6,1971,1971,0.0,616,0,248,864,864,0,0,864,0,0,1,0,3,1,5,0,1974.0,2,528,0,0,0,0,0,0,0,5,2007,124681.11
1438,20,12444,8,5,2008,2008,426.0,1336,0,596,1932,1932,0,0,1932,1,0,2,0,2,1,7,1,2008.0,3,774,0,66,0,304,0,0,0,11,2008,278347.06
1439,20,7407,6,7,1957,1996,0.0,600,0,312,912,1236,0,0,1236,1,0,1,0,2,1,6,0,1957.0,2,923,0,158,158,0,0,0,0,4,2010,205589.61
1440,60,11584,7,6,1979,1979,96.0,315,110,114,539,1040,685,0,1725,0,0,2,1,3,1,6,1,1979.0,2,550,0,88,216,0,0,0,0,11,2007,198829.0
1441,70,11526,6,7,1922,1994,0.0,0,0,588,588,1423,748,384,2555,0,0,2,0,3,1,11,1,1993.0,2,672,431,0,0,0,0,0,0,9,2008,220281.23
1442,120,4426,6,5,2004,2004,147.0,697,0,151,848,848,0,0,848,1,0,1,0,1,1,3,1,2004.0,2,420,149,0,0,0,0,0,0,5,2008,173043.81
1443,60,11003,10,5,2008,2008,160.0,765,0,252,1017,1026,981,0,2007,1,0,2,1,3,1,10,1,2008.0,3,812,168,52,0,0,0,0,0,4,2009,363298.3
1444,30,8854,6,6,1916,1950,0.0,0,0,952,952,952,0,0,952,0,0,1,0,2,1,4,1,1916.0,1,192,0,98,0,0,40,0,0,5,2009,112831.31
1445,20,8500,7,5,2004,2004,106.0,0,0,1422,1422,1422,0,0,1422,0,0,2,0,3,1,7,0,2004.0,2,626,192,60,0,0,0,0,0,11,2007,240970.19
1446,85,8400,6,5,1966,1966,0.0,187,627,0,814,913,0,0,913,1,0,1,0,3,1,6,0,1990.0,1,240,0,0,252,0,0,0,0,5,2007,113400.87
1447,20,26142,5,7,1962,1962,189.0,593,0,595,1188,1188,0,0,1188,0,0,1,0,3,1,6,0,1962.0,1,312,261,39,0,0,0,0,0,4,2010,111092.8
1448,60,10000,8,5,1995,1996,438.0,1079,0,141,1220,1220,870,0,2090,1,0,2,1,3,1,8,1,1995.0,2,556,0,65,0,0,0,0,0,12,2007,272454.16
1449,50,11767,4,7,1910,2000,0.0,0,0,560,560,796,550,0,1346,0,0,1,1,2,1,6,0,1950.0,1,384,168,24,0,0,0,0,0,5,2007,130503.31
1450,180,1533,5,7,1970,1970,0.0,553,0,77,630,630,0,0,630,1,0,1,0,1,1,3,0,,0,0,0,0,0,0,0,0,0,8,2006,85964.016
1451,90,9000,5,5,1974,1974,0.0,0,0,896,896,896,896,0,1792,0,0,2,2,4,2,8,0,,0,0,32,45,0,0,0,0,0,9,2009,111453.95
1452,20,9262,8,5,2008,2009,194.0,0,0,1573,1573,1578,0,0,1578,0,0,2,0,3,1,7,1,2008.0,3,840,0,36,0,0,0,0,0,5,2009,279719.53
1453,180,3675,5,5,2005,2005,80.0,547,0,0,547,1072,0,0,1072,1,0,1,0,2,1,5,0,2005.0,2,525,0,28,0,0,0,0,0,5,2006,153975.89
1454,20,17217,5,5,2006,2006,0.0,0,0,1140,1140,1140,0,0,1140,0,0,1,0,3,1,6,0,,0,0,36,56,0,0,0,0,0,7,2006,139847.94
1455,20,7500,7,5,2004,2005,0.0,410,0,811,1221,1221,0,0,1221,1,0,2,0,2,1,6,0,2004.0,2,400,0,113,0,0,0,0,0,10,2009,207273.33
1456,60,7917,6,5,1999,2000,0.0,0,0,953,953,953,694,0,1647,0,0,2,1,3,1,7,1,1999.0,2,460,0,40,0,0,0,0,0,8,2007,196113.97
1457,20,13175,6,6,1978,1988,119.0,790,163,589,1542,2073,0,0,2073,1,0,2,0,3,1,7,2,1978.0,2,500,349,0,0,0,0,0,0,2,2010,210317.61
1458,70,9042,7,9,1941,2006,0.0,275,0,877,1152,1188,1152,0,2340,0,0,2,0,4,1,9,2,1941.0,1,252,0,60,0,0,0,0,2500,5,2010,271243.38
1459,20,9717,5,6,1950,1996,0.0,49,1029,0,1078,1078,0,0,1078,1,0,1,0,2,1,5,0,1950.0,1,240,366,0,112,0,0,0,0,4,2010,159394.6
1460,20,9937,5,6,1965,1965,0.0,830,290,136,1256,1256,0,0,1256,1,0,1,1,3,1,6,0,1965.0,1,276,736,68,0,0,0,0,0,6,2008,173017.73
